ID,Name,Called_Times
2023XXXXXX001,stu_name_001,0
2023XXXXXX002,stu_name_002,0
2023XXXXXX003,stu_name_003,0
2023XXXXXX004,stu_name_004,0
2023XXXXXX005,stu_name_005,0
2023XXXXXX006,stu_name_006,1
2023XXXXXX007,stu_name_007,0
2023XXXXXX008,stu_name_008,0
2023XXXXXX009,stu_name_009,0
2023XXXXXX010,stu_name_010,0
2023XXXXXX011,stu_name_011,0
2023XXXXXX012,stu_name_012,0
2023XXXXXX013,stu_name_013,0
2023XXXXXX014,stu_name_014,0
2023XXXXXX015,stu_name_015,0
2023XXXXXX016,stu_name_016,0
2023XXXXXX017,stu_name_017,0
2023XXXXXX018,stu_name_018,0
2023XXXXXX019,stu_name_019,0
2023XXXXXX020,stu_name_020,0
2023XXXXXX021,stu_name_021,0
2023XXXXXX022,stu_name_022,0
2023XXXXXX023,stu_name_023,0
2023XXXXXX024,stu_name_024,0
2023XXXXXX025,stu_name_025,0
2023XXXXXX026,stu_name_026,0
2023XXXXXX027,stu_name_027,0
2023XXXXXX028,stu_name_028,0
2023XXXXXX029,stu_name_029,0
2023XXXXXX030,stu_name_030,0
2023XXXXXX031,stu_name_031,1
2023XXXXXX032,stu_name_032,0
2023XXXXXX033,stu_name_033,0
2023XXXXXX034,stu_name_034,0
2023XXXXXX035,stu_name_035,0
2023XXXXXX036,stu_name_036,0
2023XXXXXX037,stu_name_037,0
2023XXXXXX038,stu_name_038,0
2023XXXXXX039,stu_name_039,1
2023XXXXXX040,stu_name_040,1
2023XXXXXX041,stu_name_041,0
2023XXXXXX042,stu_name_042,0
2023XXXXXX043,stu_name_043,1
2023XXXXXX044,stu_name_044,0
